{
  "behind": {
    "active": {
      "mean": 36.16697024893746,
      "std": 48.947223124481525
    },
    "both": {
      "mean": 30.92896174863388,
      "std": 49.697473902399246
    },
    "passive": {
      "mean": 0.06557377049180328,
      "std": 0.6679941395580057
    },
    "unused": {
      "mean": 24.239222829386765,
      "std": 117.80606702102095
    }
  },
  "ahead": {
    "active": {
      "mean": 24.704918032786885,
      "std": 44.80677391381139
    },
    "both": {
      "mean": 21.199757134183365,
      "std": 37.86340836105168
    },
    "passive": {
      "mean": 12.133576199149969,
      "std": 16.3549096037194
    },
    "unused": {
      "mean": 33.36247723132969,
      "std": 116.42870501818629
    }
  }
}