{
  "per_video": {
    "total_objects": {
      "mean_std": "36.4419 \u00b1 17.9633",
      "min": 0,
      "max": 79
    },
    "video_length": {
      "mean_std": "1699.2558 \u00b1 638.5076",
      "min": 912,
      "max": 3571
    },
    "total_segments": {
      "mean_std": "566.7907 \u00b1 212.8176",
      "min": 304,
      "max": 1191
    }
  },
  "per_object_per_video": {
    "total_segments": {
      "mean_std": "330.4933 \u00b1 211.6185",
      "min": 6,
      "max": 1191
    },
    "in_use_segments": {
      "mean_std": "217.7996 \u00b1 216.5413",
      "min": 3,
      "max": 1154
    },
    "only_active_segments": {
      "mean_std": "44.1646 \u00b1 61.2843",
      "min": 0,
      "max": 510
    },
    "only_passive_segments": {
      "mean_std": "158.9866 \u00b1 190.5355",
      "min": 0,
      "max": 1082
    },
    "both_active_and_passive_segments": {
      "mean_std": "14.6484 \u00b1 23.1309",
      "min": 0,
      "max": 157
    },
    "not_in_use_segments": {
      "mean_std": "130.1991 \u00b1 193.7954",
      "min": 0,
      "max": 1191
    },
    "active_overlap_fraction_mean": {
      "mean_std": "0.4832 \u00b1 0.1278",
      "min": 0.08,
      "max": 0.8993188215828266
    },
    "active_overlap_fraction_std": {
      "mean_std": "0.2855 \u00b1 0.0595",
      "min": 0.01660776079825965,
      "max": 0.4347921084386023
    },
    "passive_overlap_fraction_mean": {
      "mean_std": "0.0958 \u00b1 0.1176",
      "min": 0.00390625,
      "max": 0.6666666666666666
    },
    "passive_overlap_fraction_std": {
      "mean_std": "0.0803 \u00b1 0.0845",
      "min": 0.00018654823957078612,
      "max": 0.3688692194250673
    }
  }
}