{
  "per_video": {
    "total_objects": {
      "mean_std": "41.2368 \u00b1 12.7755",
      "min": 15,
      "max": 79
    },
    "video_length": {
      "mean_std": "1618.0263 \u00b1 576.9783",
      "min": 912,
      "max": 3571
    },
    "total_segments": {
      "mean_std": "539.7105 \u00b1 192.3287",
      "min": 304,
      "max": 1191
    }
  },
  "per_object_per_video": {
    "total_segments": {
      "mean_std": "362.3255 \u00b1 222.2218",
      "min": 6,
      "max": 1189
    },
    "in_use_segments": {
      "mean_std": "215.6707 \u00b1 215.9808",
      "min": 3,
      "max": 1154
    },
    "only_active_segments": {
      "mean_std": "44.3114 \u00b1 61.5156",
      "min": 0,
      "max": 510
    },
    "only_passive_segments": {
      "mean_std": "156.8577 \u00b1 190.0066",
      "min": 0,
      "max": 1082
    },
    "both_active_and_passive_segments": {
      "mean_std": "14.5016 \u00b1 23.0473",
      "min": 0,
      "max": 157
    },
    "not_in_use_segments": {
      "mean_std": "146.6548 \u00b1 199.9098",
      "min": 0,
      "max": 1181
    },
    "active_overlap_fraction_mean": {
      "mean_std": "0.4832 \u00b1 0.1278",
      "min": 0.08,
      "max": 0.8993188215828266
    },
    "active_overlap_fraction_std": {
      "mean_std": "0.2855 \u00b1 0.0595",
      "min": 0.01660776079825965,
      "max": 0.4347921084386023
    },
    "passive_overlap_fraction_mean": {
      "mean_std": "0.0969 \u00b1 0.1184",
      "min": 0.00390625,
      "max": 0.6666666666666666
    },
    "passive_overlap_fraction_std": {
      "mean_std": "0.0807 \u00b1 0.0848",
      "min": 0.00018654823957078612,
      "max": 0.3688692194250673
    }
  }
}